{
    "model_version": "20250524_140100",
    "training_date": "2025-05-24T14:01:01.003352",
    "metrics": {
        "precision": 1.0,
        "recall": 0.03125,
        "f1_score": 0.06060606060606061,
        "accuracy": 0.03125,
        "threshold": 0.535912264017253,
        "mean_anomaly_score": 0.4409512736526045,
        "std_anomaly_score": 0.06532659091601818,
        "max_anomaly_score": 0.693119188526032,
        "min_anomaly_score": 0.36801975268663667
    }
}